{
  "@microsoft/generator-sharepoint": {
    "plusBeta": false,
    "isCreatingSolution": true,
    "nodeVersion": "20.16.0",
    "sdksVersions": {
      "@microsoft/microsoft-graph-client": "3.0.2",
      "@microsoft/teams-js": "2.24.0"
    },
    "version": "1.20.0",
    "libraryName": "dms",
    "libraryId": "62b869fd-3a73-41b3-a3a6-65d9e00ab592",
    "environment": "spo",
    "packageManager": "npm",
    "solutionName": "DMS",
    "solutionShortDescription": "DMS description",
    "skipFeatureDeployment": true,
    "isDomainIsolated": false,
    "componentType": "webpart"
  }
}
