<?xml version="1.0" encoding="utf-8"?><App xmlns="http://schemas.microsoft.com/sharepoint/2012/app/manifest" Name="dms-client-side-solution" ProductID="62b869fd-3a73-41b3-a3a6-65d9e00ab592" SharePointMinVersion="16.0.0.0" IsClientSideSolution="true" Version="1.0.0.0" SkipFeatureDeployment="true" IsDomainIsolated="false"><Properties><Title>dms-client-side-solution</Title><DeveloperProperties>{&quot;name&quot;:&quot;&quot;,&quot;websiteUrl&quot;:&quot;&quot;,&quot;privacyUrl&quot;:&quot;&quot;,&quot;termsOfUseUrl&quot;:&quot;&quot;,&quot;mpnId&quot;:&quot;Undefined-1.20.0&quot;}</DeveloperProperties><ShortDescription><LocalizedString CultureName="default">DMS description</LocalizedString></ShortDescription><LongDescription><LocalizedString CultureName="default">DMS description</LocalizedString></LongDescription><Screenshots></Screenshots></Properties></App>