{
  "$schema": "https://developer.microsoft.com/json-schemas/spfx-build/package-solution.schema.json",
  "solution": {
    "name": "dms-client-side-solution",
    "id": "62b869fd-3a73-41b3-a3a6-65d9e00ab592",
    "version": "1.0.0.0",
    "includeClientSideAssets": true,
    "skipFeatureDeployment": true,
    "isDomainIsolated": false,
    "developer": {
      "name": "",
      "websiteUrl": "",
      "privacyUrl": "",
      "termsOfUseUrl": "",
      "mpnId": "Undefined-1.20.0"
    },
    "metadata": {
      "shortDescription": {
        "default": "DMS description"
      },
      "longDescription": {
        "default": "DMS description"
      },
      "screenshotPaths": [],
      "videoUrl": "",
      "categories": []
    },
    "features": [
      {
        "title": "dms Feature",
        "description": "The feature that activates elements of the dms solution.",
        "id": "ed083c2e-4c2e-43bb-911c-0ff49e869097",
        "version": "1.0.0.0"
      }
    ]
  },
  "paths": {
    "zippedPackage": "solution/dms.sppkg"
  }
}
